/* Insert Genres */
INSERT INTO Genre (genreID, name)
VALUES
    (1, 'Action'),
    (2, 'Adventure'),
    (3, 'Comedy'),
    (4, 'Drama'),
    (5, 'Sci-Fi'),
    (6, 'Fantasy'),
    (7, 'Thriller'),
    (8, 'Animation'),
    (9, 'Horror'),
    (10, 'Romance');

/* Insert Persons (actors and directors who participated in multiple movies) */
INSERT INTO Person (personID, name, birthday)
VALUES
    ('P001', 'Tom Hanks', '1956-07-09'),
    ('P002', 'Leonardo DiCaprio', '1974-11-11'),
    ('P003', 'Johnny Depp', '1963-06-09'),
    ('P004', 'Brad Pitt', '1963-12-18'),
    ('P005', 'Steven Spielberg', '1946-12-18'),
    ('P006', 'Quentin Tarantino', '1963-03-27'),
    ('P007', 'Christopher Nolan', '1970-07-30'),
    ('P008', 'Martin Scorsese', '1942-11-17'),
    ('P009', 'Clint Eastwood', '1930-05-31'),
    ('P010', 'Meryl Streep', '1949-06-22');

/* Insert Movies before 2000 */
INSERT INTO Movie (movieID, movieTitle, releaseDate, originalLanguage, link)
VALUES
    ('M001', 'Titanic', '1997-12-19', 'English', NULL),
    ('M002', 'The Matrix', '1999-03-31', 'English', NULL),
    ('M003', 'Jurassic Park', '1993-06-11', 'English', NULL),
    ('M004', 'Saving Private Ryan', '1998-07-24', 'English', NULL),
    ('M005', 'The Shawshank Redemption', '1994-09-23', 'English', NULL),
    ('M006', 'Forrest Gump', '1994-07-06', 'English', NULL),
    ('M007', 'Pulp Fiction', '1994-10-14', 'English', NULL),
    ('M008', 'The Silence of the Lambs', '1991-02-14', 'English', NULL),
    ('M009', 'Braveheart', '1995-05-24', 'English', NULL),
    ('M010', 'Terminator 2: Judgment Day', '1991-07-03', 'English', NULL);

/* Insert Movies after 2000 */
INSERT INTO Movie (movieID, movieTitle, releaseDate, originalLanguage, link)
VALUES
    ('M011', 'The Dark Knight', '2008-07-18', 'English', NULL),
    ('M012', 'Inception', '2010-07-16', 'English', NULL),
    ('M013', 'The Lord of the Rings: The Fellowship of the Ring', '2001-12-19', 'English', NULL),
    ('M014', 'Avatar', '2009-12-18', 'English', NULL),
    ('M015', 'The Avengers', '2012-05-04', 'English', NULL),
    ('M016', 'Gladiator', '2000-05-05', 'English', NULL),
    ('M017', 'The Dark Knight Rises', '2012-07-20', 'English', NULL),
    ('M018', 'The Departed', '2006-10-06', 'English', NULL),
    ('M019', 'The Lord of the Rings: The Return of the King', '2003-12-17', 'English', NULL),
    ('M020', 'Interstellar', '2014-11-07', 'English', NULL),
    ('M021', 'The Revenant', '2015-12-25', 'English', NULL),
    ('M022', 'The Prestige', '2006-10-20', 'English', NULL),
    ('M023', 'Mad Max: Fury Road', '2015-05-15', 'English', NULL),
    ('M024', 'The Incredibles', '2004-11-05', 'English', NULL),
    ('M025', 'The Lord of the Rings: The Two Towers', '2002-12-18', 'English', NULL),
    ('M026', 'Spider-Man: Into the Spider-Verse', '2018-12-14', 'English', NULL),
    ('M027', 'Shrek', '2001-05-18', 'English', NULL),
    ('M028', 'Finding Nemo', '2003-05-30', 'English', NULL),
    ('M029', 'Ratatouille', '2007-06-29', 'English', NULL),
    ('M030', 'The Dark Knight Trilogy', '2005-2008', 'English', NULL);

/* Insert Performers */
INSERT INTO Performer (performerID, movieID, personID, performerRole)
VALUES
    ('PR001', 'M001', 'P001', 'Actor'),
    ('PR002', 'M001', 'P005', 'Director'),
    ('PR003', 'M002', 'P003', 'Actor'),
    ('PR004', 'M002', 'P006', 'Director'),
    ('PR005', 'M003', 'P005', 'Director'),
    ('PR006', 'M003', 'P007', 'Actor'),
    ('PR007', 'M004', 'P001', 'Actor'),
    ('PR008', 'M004', 'P005', 'Director'),
    ('PR009', 'M005', 'P001', 'Actor'),
    ('PR010', 'M005', 'P002', 'Actor'),
    ('PR011', 'M006', 'P001', 'Actor'),
    ('PR012', 'M006', 'P002', 'Actor'),
    ('PR013', 'M007', 'P002', 'Actor'),
    ('PR014', 'M007', 'P003', 'Actor'),
    ('PR015', 'M008', 'P003', 'Actor'),
    ('PR016', 'M008', 'P005', 'Director'),
    ('PR017', 'M009', 'P001', 'Actor'),
    ('PR018', 'M009', 'P005', 'Director'),
    ('PR019', 'M010', 'P006', 'Director'),
    ('PR020', 'M011', 'P003', 'Actor'),
    ('PR021', 'M011', 'P007', 'Director'),
    ('PR022', 'M012', 'P003', 'Actor'),
    ('PR023', 'M012', 'P007', 'Director'),
    ('PR024', 'M013', 'P007', 'Director'),
    ('PR025', 'M013', 'P002', 'Actor'),
    ('PR026', 'M014', 'P002', 'Actor'),
    ('PR027', 'M014', 'P008', 'Director'),
    ('PR028', 'M015', 'P001', 'Actor'),
    ('PR029', 'M015', 'P004', 'Director'),
    ('PR030', 'M016', 'P003', 'Actor'),
    ('PR031', 'M016', 'P008', 'Director'),
    ('PR032', 'M017', 'P003', 'Actor'),
    ('PR033', 'M017', 'P007', 'Director'),
    ('PR034', 'M018', 'P008', 'Director'),
    ('PR035', 'M018', 'P005', 'Director'),
    ('PR036', 'M019', 'P007', 'Director'),
    ('PR037', 'M019', 'P002', 'Actor'),
    ('PR038', 'M020', 'P003', 'Actor'),
    ('PR039', 'M020', 'P007', 'Director'),
    ('PR040', 'M021', 'P003', 'Actor'),
    ('PR041', 'M021', 'P007', 'Director'),
    ('PR042', 'M022', 'P003', 'Actor'),
    ('PR043', 'M022', 'P007', 'Director'),
    ('PR044', 'M023', 'P003', 'Actor'),
    ('PR045', 'M023', 'P007', 'Director'),
    ('PR046', 'M024', 'P007', 'Director'),
    ('PR047', 'M024', 'P009', 'Director'),
    ('PR048', 'M025', 'P007', 'Director'),
    ('PR049', 'M025', 'P002', 'Actor'),
    ('PR050', 'M026', 'P002', 'Actor'),
    ('PR051', 'M026', 'P007', 'Director'),
    ('PR052', 'M027', 'P004', 'Director'),
    ('PR053', 'M027', 'P009', 'Director'),
    ('PR054', 'M028', 'P009', 'Director'),
    ('PR055', 'M028', 'P010', 'Director'),
    ('PR056', 'M029', 'P010', 'Director'),
    ('PR057', 'M030', 'P007', 'Director'),
    ('PR058', 'M030', 'P003', 'Actor');

/* Insert Movie_Genres */
INSERT INTO Movie_Genre (movieGenreID, movieID, genreID)
VALUES
    ('MG001', 'M001', 10),
    ('MG002', 'M002', 5),
    ('MG003', 'M003', 5),
    ('MG004', 'M004', 4),
    ('MG005', 'M005', 4),
    ('MG006', 'M006', 4),
    ('MG007', 'M007', 4),
    ('MG008', 'M008', 7),
    ('MG009', 'M009', 1),
    ('MG010', 'M010', 5),
    ('MG011', 'M011', 1),
    ('MG012', 'M012', 5),
    ('MG013', 'M013', 6),
    ('MG014', 'M014', 1),
    ('MG015', 'M015', 1),
    ('MG016', 'M016', 1),
    ('MG017', 'M017', 7),
    ('MG018', 'M018', 7),
    ('MG019', 'M019', 6),
    ('MG020', 'M020', 5),
    ('MG021', 'M021', 7),
    ('MG022', 'M022', 7),
    ('MG023', 'M023', 1),
    ('MG024', 'M024', 8),
    ('MG025', 'M025', 8),
    ('MG026', 'M026', 8),
    ('MG027', 'M027', 3),
    ('MG028', 'M028', 8),
    ('MG029', 'M029', 8),
    ('MG030', 'M030', 1);
